{
    "('swintv2', 'ts', 'Atelectasis')": [
        0.780154287815094,
        0.7720000138109715,
        0.7883085618192165
    ],
    "('swintv2', 'ts', 'Cardiomegaly')": [
        0.8869836330413818,
        0.877378429864112,
        0.8965888362186517
    ],
    "('swintv2', 'ts', 'Effusion')": [
        0.8283169269561768,
        0.8221840949808138,
        0.8344497589315397
    ],
    "('swintv2', 'ts', 'Infiltration')": [
        0.7033495903015137,
        0.6960233584003583,
        0.710675822202669
    ],
    "('swintv2', 'ts', 'Mass')": [
        0.8325939774513245,
        0.822593111151284,
        0.842594843751365
    ],
    "('swintv2', 'ts', 'Nodule')": [
        0.77203768491745,
        0.7598923419254198,
        0.7841830279094801
    ],
    "('swintv2', 'ts', 'Pneumonia')": [
        0.7274747490882874,
        0.7075143442379576,
        0.7474351539386171
    ],
    "('swintv2', 'ts', 'Pneumothorax')": [
        0.8725181221961975,
        0.8659917173526708,
        0.8790445270397242
    ],
    "('swintv2', 'ts', 'Consolidation')": [
        0.7494061589241028,
        0.7391792832761522,
        0.7596330345720533
    ],
    "('swintv2', 'ts', 'Edema')": [
        0.8505662679672241,
        0.8400613308862338,
        0.8610712050482144
    ],
    "('swintv2', 'ts', 'Emphysema')": [
        0.94233238697052,
        0.9361983247814193,
        0.9484664491596208
    ],
    "('swintv2', 'ts', 'Fibrosis')": [
        0.8367806673049927,
        0.818635921922538,
        0.8549254126874474
    ],
    "('swintv2', 'ts', 'Pleural_Thickening')": [
        0.7854291200637817,
        0.7724708927885716,
        0.7983873473389919
    ],
    "('swintv2', 'ts', 'Hernia')": [
        0.9291239976882935,
        0.8976097635998195,
        0.9606382317767674
    ],
    "('swintv2', 'ts', 'No Finding')": [
        0.7308673858642578,
        0.7243847525824377,
        0.7373500191460779
    ],
    "('swintv2', 'ts', 'mean')": [
        0.8151956584135968,
        0.8117243822137477,
        0.8186413242306002
    ]
}